{"count":1,"self":7.9972879999999993,"total":226.203748,"children":{"InitializeActuators":{"count":12,"self":0.0039974,"total":0.0039974,"children":null},"InitializeSensors":{"count":12,"self":0.039002499999999996,"total":0.039002499999999996,"children":null},"AgentSendState":{"count":11967,"self":31.5508256,"total":41.3123019,"children":{"CollectObservations":{"count":28728,"self":0.0892297,"total":0.0892297,"children":null},"WriteActionMask":{"count":28728,"self":0.057003099999999994,"total":0.057003099999999994,"children":null},"RequestDecision":{"count":28728,"self":0.1671085,"total":9.615242,"children":{"AgentInfo.ToProto":{"count":28728,"self":0.183314,"total":9.4481334999999991,"children":{"GenerateSensorData":{"count":28728,"self":0.66929719999999993,"total":9.2648195,"children":{"CameraSensor.GetCompressedObservation":{"count":28728,"self":8.5955224,"total":8.5955222999999989,"children":null}}}}}}}}},"DecideAction":{"count":11967,"self":174.0994816,"total":174.0994878,"children":null},"AgentAct":{"count":11967,"self":2.4069046,"total":2.7506698999999997,"children":{"AgentInfo.ToProto":{"count":926,"self":0.0090098,"total":0.3437653,"children":{"GenerateSensorData":{"count":926,"self":0.0199386,"total":0.3347555,"children":{"CameraSensor.GetCompressedObservation":{"count":926,"self":0.3148169,"total":0.3148169,"children":null}}}}}}}},"gauges":{"3DBall.CumulativeReward":{"count":926,"max":12.8000164,"min":0.100000165,"runningAverage":2.04298019,"value":4.19999743,"weightedAverage":3.57199836}},"metadata":{"timer_format_version":"0.1.0","start_time_seconds":"1736763981","unity_version":"2022.3.40f1","command_line_arguments":"E:\\UntiyEditors\\2022.3.40f1\\Editor\\Unity.exe -projectpath E:\\Unity ML\\ML Agents -useHub -hubIPC -cloudEnvironment production","communication_protocol_version":"1.5.0","com.unity.ml-agents_version":"3.0.0","scene_name":"3DBall","end_time_seconds":"1736764207"}}