{"count":1,"self":58.970208,"total":1393.0104363,"children":{"InitializeActuators":{"count":12,"self":0.0039975,"total":0.0039975,"children":null},"InitializeSensors":{"count":12,"self":0.041994899999999995,"total":0.041994899999999995,"children":null},"AgentSendState":{"count":96584,"self":255.50461439999998,"total":331.502317,"children":{"CollectObservations":{"count":231804,"self":0.6784525,"total":0.6784525,"children":null},"WriteActionMask":{"count":231804,"self":0.4136302,"total":0.4136302,"children":null},"RequestDecision":{"count":231804,"self":1.2407453,"total":74.9056173,"children":{"AgentInfo.ToProto":{"count":231804,"self":1.1904991999999999,"total":73.664872,"children":{"GenerateSensorData":{"count":231804,"self":5.1434175999999994,"total":72.4743728,"children":{"CameraSensor.GetCompressedObservation":{"count":231804,"self":67.3309568,"total":67.330955,"children":null}}}}}}}}},"DecideAction":{"count":96584,"self":994.05076479999991,"total":994.0507477,"children":null},"AgentAct":{"count":96584,"self":7.849924,"total":8.4401701,"children":{"AgentInfo.ToProto":{"count":1706,"self":0.0095377999999999991,"total":0.59024619999999994,"children":{"GenerateSensorData":{"count":1706,"self":0.0420664,"total":0.5807084,"children":{"CameraSensor.GetCompressedObservation":{"count":1706,"self":0.538642,"total":0.538642,"children":null}}}}}}}},"gauges":{"3DBall.CumulativeReward":{"count":1706,"max":670.883,"min":0.100000165,"runningAverage":10.0702257,"value":4.19999743,"weightedAverage":137.106812}},"metadata":{"timer_format_version":"0.1.0","start_time_seconds":"1736501030","unity_version":"2022.3.40f1","command_line_arguments":"E:\\UntiyEditors\\2022.3.40f1\\Editor\\Unity.exe -projectpath E:\\Unity ML\\ML Agents -useHub -hubIPC -cloudEnvironment production","communication_protocol_version":"1.5.0","com.unity.ml-agents_version":"3.0.0","scene_name":"3DBall","end_time_seconds":"1736502423"}}