{"count":1,"self":2.5894488,"total":42.765007499999996,"children":{"InitializeActuators":{"count":12,"self":0.0050009999999999994,"total":0.0050009999999999994,"children":null},"InitializeSensors":{"count":12,"self":0.0393761,"total":0.0393761,"children":null},"AgentSendState":{"count":3017,"self":6.3966655999999995,"total":8.5481859,"children":{"CollectObservations":{"count":7248,"self":0.0202491,"total":0.0202491,"children":null},"WriteActionMask":{"count":7248,"self":0.014351299999999999,"total":0.014351299999999999,"children":null},"RequestDecision":{"count":7248,"self":0.0589962,"total":2.11692,"children":{"AgentInfo.ToProto":{"count":7248,"self":0.0462235,"total":2.0579237999999997,"children":{"GenerateSensorData":{"count":7248,"self":0.1411507,"total":2.0117002999999998,"children":{"CameraSensor.GetCompressedObservation":{"count":7248,"self":1.8705496,"total":1.8705496,"children":null}}}}}}}}},"DecideAction":{"count":3017,"self":30.7674848,"total":30.7674846,"children":null},"AgentAct":{"count":3017,"self":0.6993534,"total":0.8135114,"children":{"AgentInfo.ToProto":{"count":301,"self":0,"total":0.114158,"children":{"GenerateSensorData":{"count":301,"self":0.0089988999999999989,"total":0.114158,"children":{"CameraSensor.GetCompressedObservation":{"count":301,"self":0.10515909999999999,"total":0.10515909999999999,"children":null}}}}}}}},"gauges":{"3DBall.CumulativeReward":{"count":301,"max":5.499996,"min":0.100000165,"runningAverage":1.3229233,"value":0.500000238,"weightedAverage":1.30818462}},"metadata":{"timer_format_version":"0.1.0","start_time_seconds":"1736505866","unity_version":"2022.3.40f1","command_line_arguments":"E:\\UntiyEditors\\2022.3.40f1\\Editor\\Unity.exe -projectpath E:\\Unity ML\\ML Agents -useHub -hubIPC -cloudEnvironment production","communication_protocol_version":"1.5.0","com.unity.ml-agents_version":"3.0.0","scene_name":"3DBall","end_time_seconds":"1736505909"}}