{"count":1,"self":74.042431999999991,"total":1852.8346138,"children":{"InitializeActuators":{"count":12,"self":0.0080041,"total":0.0080041,"children":null},"InitializeSensors":{"count":12,"self":0.0870461,"total":0.0870461,"children":null},"AgentSendState":{"count":77201,"self":380.2452992,"total":509.38780599999996,"children":{"CollectObservations":{"count":185292,"self":0.9443457,"total":0.9443457,"children":null},"WriteActionMask":{"count":185292,"self":0.57265919999999992,"total":0.57265919999999992,"children":null},"RequestDecision":{"count":185292,"self":1.7428244,"total":127.6255094,"children":{"AgentInfo.ToProto":{"count":185292,"self":1.7190295999999998,"total":125.88268509999999,"children":{"GenerateSensorData":{"count":185292,"self":6.7530272,"total":124.16365549999999,"children":{"CameraSensor.GetCompressedObservation":{"count":185292,"self":117.410624,"total":117.4106281,"children":null}}}}}}}}},"DecideAction":{"count":77201,"self":1256.1356799999999,"total":1256.1356819999999,"children":null},"AgentAct":{"count":77201,"self":11.9625112,"total":13.173641799999999,"children":{"AgentInfo.ToProto":{"count":1713,"self":0.025635699999999997,"total":1.2111303,"children":{"GenerateSensorData":{"count":1713,"self":0.057502199999999996,"total":1.1854946,"children":{"CameraSensor.GetCompressedObservation":{"count":1713,"self":1.1279924,"total":1.1279924,"children":null}}}}}}}},"gauges":{"3DBall.CumulativeReward":{"count":1713,"max":259.106659,"min":0.100000165,"runningAverage":8.127611,"value":259.106659,"weightedAverage":120.270943}},"metadata":{"timer_format_version":"0.1.0","start_time_seconds":"1736348991","unity_version":"2022.3.40f1","command_line_arguments":"E:\\UntiyEditors\\2022.3.40f1\\Editor\\Unity.exe -projectpath E:\\Unity ML\\ML Agents -useHub -hubIPC -cloudEnvironment production","communication_protocol_version":"1.5.0","com.unity.ml-agents_version":"3.0.0","scene_name":"3DBall","end_time_seconds":"1736350843"}}