{"count":1,"self":114.92611839999999,"total":604.1786177,"children":{"InitializeActuators":{"count":12,"self":0.0019997,"total":0.0019997,"children":null},"InitializeSensors":{"count":12,"self":0.0020011,"total":0.0020011,"children":null},"AgentSendState":{"count":210317,"self":1.9481093999999999,"total":7.5533605999999995,"children":{"CollectObservations":{"count":504768,"self":1.2481201,"total":1.2481201,"children":null},"WriteActionMask":{"count":504768,"self":0.3173296,"total":0.3173296,"children":null},"RequestDecision":{"count":504768,"self":1.1947075999999999,"total":4.0398014999999994,"children":{"AgentInfo.ToProto":{"count":504768,"self":1.1436521,"total":2.8450938999999997,"children":{"GenerateSensorData":{"count":504768,"self":1.7014418,"total":1.7014418,"children":null}}}}}}},"DecideAction":{"count":210317,"self":468.7472128,"total":468.7472054,"children":null},"AgentAct":{"count":210317,"self":12.9159312,"total":12.9469367,"children":{"AgentInfo.ToProto":{"count":2718,"self":0.0089953999999999989,"total":0.0310059,"children":{"GenerateSensorData":{"count":2718,"self":0.0220105,"total":0.0220105,"children":null}}}}}},"gauges":{"3DBall.CumulativeReward":{"count":2718,"max":100.099045,"min":1.41561031E-07,"runningAverage":17.5437469,"value":100.099045,"weightedAverage":100.08374}},"metadata":{"timer_format_version":"0.1.0","start_time_seconds":"1731864102","unity_version":"2022.3.40f1","command_line_arguments":"E:\\UntiyEditors\\2022.3.40f1\\Editor\\Unity.exe -projectpath E:\\Unity ML\\ML Agents -useHub -hubIPC -cloudEnvironment production","communication_protocol_version":"1.5.0","com.unity.ml-agents_version":"3.0.0","scene_name":"3DBall","end_time_seconds":"1731864706"}}