{"count":1,"self":84.485791999999989,"total":460.6169142,"children":{"InitializeActuators":{"count":6,"self":0.0019946,"total":0.0019946,"children":null},"InitializeSensors":{"count":6,"self":0.0030006,"total":0.0030006,"children":null},"AgentSendState":{"count":166751,"self":0.61756899999999992,"total":1.8828441,"children":{"CollectObservations":{"count":100056,"self":0.0547171,"total":0.0547171,"children":null},"WriteActionMask":{"count":100056,"self":0.07566189999999999,"total":0.07566189999999999,"children":null},"RequestDecision":{"count":100056,"self":0.2611927,"total":1.1348961,"children":{"AgentInfo.ToProto":{"count":100056,"self":0.24145499999999998,"total":0.87370339999999991,"children":{"GenerateSensorData":{"count":100056,"self":0.63224839999999993,"total":0.63224839999999993,"children":null}}}}}}},"DecideAction":{"count":166751,"self":370.8042496,"total":370.80424719999996,"children":null},"AgentAct":{"count":166751,"self":3.3095396,"total":3.439034,"children":{"AgentInfo.ToProto":{"count":7491,"self":0.0339842,"total":0.1294943,"children":{"GenerateSensorData":{"count":7491,"self":0.0955101,"total":0.0955101,"children":null}}}}}},"gauges":{"RollerBall.CumulativeReward":{"count":7491,"max":2,"min":0,"runningAverage":0.909224033,"value":1,"weightedAverage":1.07446337}},"metadata":{"timer_format_version":"0.1.0","start_time_seconds":"1734262718","unity_version":"2022.3.40f1","command_line_arguments":"E:\\UntiyEditors\\2022.3.40f1\\Editor\\Unity.exe -projectpath E:\\Unity ML\\ML Agents -useHub -hubIPC -cloudEnvironment production","communication_protocol_version":"1.5.0","com.unity.ml-agents_version":"3.0.0","scene_name":"TestEnvironment","end_time_seconds":"1734263179"}}