{"count":1,"self":292.2085632,"total":1135.2542257999999,"children":{"InitializeActuators":{"count":1,"self":0.0029958999999999997,"total":0.0029958999999999997,"children":null},"InitializeSensors":{"count":1,"self":0.0020012,"total":0.0020012,"children":null},"AgentSendState":{"count":1000067,"self":2.3932628,"total":4.8795136999999995,"children":{"CollectObservations":{"count":100007,"self":0.080339899999999992,"total":0.080339899999999992,"children":null},"WriteActionMask":{"count":100007,"self":0.111108,"total":0.111108,"children":null},"RequestDecision":{"count":100007,"self":0.4929665,"total":2.2948030999999998,"children":{"AgentInfo.ToProto":{"count":100007,"self":0.56617169999999994,"total":1.8018366,"children":{"GenerateSensorData":{"count":100007,"self":1.2356649,"total":1.2356649,"children":null}}}}}}},"DecideAction":{"count":1000067,"self":832.44421119999993,"total":832.4442224,"children":null},"AgentAct":{"count":1000067,"self":5.475848,"total":5.71593,"children":{"AgentInfo.ToProto":{"count":12841,"self":0.08578319999999999,"total":0.24008179999999998,"children":{"GenerateSensorData":{"count":12841,"self":0.15429859999999998,"total":0.15429859999999998,"children":null}}}}}},"gauges":{"RollerBall.CumulativeReward":{"count":12841,"max":2,"min":0,"runningAverage":1.02180052,"value":1,"weightedAverage":1.00140977}},"metadata":{"timer_format_version":"0.1.0","start_time_seconds":"1732447078","unity_version":"2022.3.40f1","command_line_arguments":"E:\\UntiyEditors\\2022.3.40f1\\Editor\\Unity.exe -projectpath E:\\Unity ML\\ML Agents -useHub -hubIPC -cloudEnvironment production","communication_protocol_version":"1.5.0","com.unity.ml-agents_version":"3.0.0","scene_name":"TestEnvironment","end_time_seconds":"1732448213"}}