{"count":1,"self":142.0511488,"total":305.2960591,"children":{"InitializeActuators":{"count":1,"self":0.0049952999999999994,"total":0.0049952999999999994,"children":null},"InitializeSensors":{"count":1,"self":0.0040054999999999995,"total":0.0040054999999999995,"children":null},"AgentSendState":{"count":150201,"self":0.4886851,"total":1.0267503,"children":{"CollectObservations":{"count":15021,"self":0.017020999999999998,"total":0.017020999999999998,"children":null},"WriteActionMask":{"count":15021,"self":0.0129961,"total":0.0129961,"children":null},"RequestDecision":{"count":15021,"self":0.09988409999999999,"total":0.5080481,"children":{"AgentInfo.ToProto":{"count":15021,"self":0.1284553,"total":0.40816399999999997,"children":{"GenerateSensorData":{"count":15021,"self":0.2797087,"total":0.2797087,"children":null}}}}}}},"DecideAction":{"count":150201,"self":160.8568192,"total":160.8568211,"children":null},"AgentAct":{"count":150201,"self":1.3383334,"total":1.3513388,"children":{"AgentInfo.ToProto":{"count":632,"self":0.0060022999999999995,"total":0.013005399999999999,"children":{"GenerateSensorData":{"count":632,"self":0.0070031,"total":0.0070031,"children":null}}}}}},"gauges":{"RollerBall.CumulativeReward":{"count":632,"max":2,"min":0,"runningAverage":0.308544278,"value":1,"weightedAverage":0.9540522}},"metadata":{"timer_format_version":"0.1.0","start_time_seconds":"1736777993","unity_version":"2022.3.40f1","command_line_arguments":"E:\\UntiyEditors\\2022.3.40f1\\Editor\\Unity.exe -projectpath E:\\Unity ML\\ML Agents -useHub -hubIPC -cloudEnvironment production","communication_protocol_version":"1.5.0","com.unity.ml-agents_version":"3.0.0","scene_name":"TestEnvironment","end_time_seconds":"1736778298"}}